{"cameraMode":{"drawMode":0,"name":"Shaded","section":"Shading Mode"},"sceneLighting":true,"audioPlay":false,"sceneViewState":{"m_AlwaysRefresh":false,"showFog":true,"showSkybox":true,"showFlares":true,"showImageEffects":true,"showParticleSystems":true,"showVisualEffectGraphs":true,"m_FxEnabled":true},"in2DMode":false,"pivot":{"x":9.526846885681153,"y":0.11912950873374939,"z":-43.43054962158203},"rotation":{"x":-0.22398696839809419,"y":0.08668742328882218,"z":-0.020052313804626466,"w":-0.9705736041069031},"size":1.4090516567230225,"orthographic":false}